<?xml version="1.0" encoding="UTF-8"?>
<metadata modelVersion="1.1.0">
  <groupId>it.tdlight</groupId>
  <artifactId>tdlight-natives-osx-aarch64</artifactId>
  <versioning>
    <lastUpdated>20230314160834</lastUpdated>
    <snapshot>
      <localCopy>true</localCopy>
    </snapshot>
    <snapshotVersions>
      <snapshotVersion>
        <extension>jar</extension>
        <value>4.0.0-SNAPSHOT</value>
        <updated>20230314160834</updated>
      </snapshotVersion>
      <snapshotVersion>
        <extension>pom</extension>
        <value>4.0.0-SNAPSHOT</value>
        <updated>20230314160834</updated>
      </snapshotVersion>
    </snapshotVersions>
  </versioning>
  <version>4.0.0-SNAPSHOT</version>
</metadata>
